tester,lke
SLOT0,IO-1865-1D 00042
SLOT1,IO-1865-1D 00042
SLOT2,
SLOT3,
test_site,BNL
toy_TPC,y
comment,"Bottom_HWDB=https://dbweb0.fnal.gov/cdbdev/view/component/D08100400001-00056,Bottom_CE=https://dbweb0.fnal.gov/cdbdev/view/component/D08100400001-00057,Bottom_Cover=0057,Bottom_FEMB=IO-1865-1D 00042,Top_HWDB=https://dbweb0.fnal.gov/cdbdev/view/component/D08100400001-00059,Top_CE=https://dbweb0.fnal.gov/cdbdev/view/component/D08100400001-00062,Top_Cover=0062,Top_FEMB=IO-1865-1D 00042"
top_path,/home/dune/
Tech_site_email,lke@bnl.gov
Test_Site,BNL
Tech_Coordinator,LKE
QC_data_root_folder,/mnt/data
Rigol_PS_for_WIB,True
Rigol_PS_ID,USB0::0x1AB1::0x0E11::DP8C184550857::INSTR
CTS_LN2_AM,1800
CTS_LN2_PM,1200
PS_Control_Mode,USB
CTS_LN2_Fill_Wait,1800
CTS_Warmup_Wait,3600
Network_Upload_Path,/data/rtss/femb
